floor_grass,floor_grass,floor_grass,floor_grass,floor_grass,floor_grass,floor_grass,floor_grass,floor_grass,floor_grass,floor_grass
floor_grass,floor_grass,floor_grass,floor_grass,floor_grass,floor_grass,floor_grass,floor_grass,floor_grass,floor_grass,floor_grass
floor_grass,floor_grass,floor_grass,floor_grass,floor_grass,floor_grass,floor_grass,floor_grass,floor_grass,floor_grass,floor_grass
floor_grass,floor_grass,floor_grass,floor_grass,floor_grass,floor_grass,floor_grass,floor_grass,floor_grass,floor_grass,floor_grass
floor_grass,floor_grass,floor_grass,floor_grass,floor_grass,floor_grass,floor_grass,floor_grass,floor_grass,floor_grass,floor_grass
floor_grass,floor_grass,floor_grass,floor_grass,floor_grass,floor_grass,floor_grass,floor_grass,floor_grass,floor_grass,floor_grass
floor_grass,floor_grass,floor_grass,floor_grass,floor_grass,floor_grass,floor_grass,floor_grass,floor_grass,floor_grass,floor_grass
floor_grass,floor_grass,floor_grass,floor_grass,floor_grass,floor_grass,floor_grass,floor_grass,floor_grass,floor_grass,floor_grass
floor_grass,floor_grass,floor_grass,floor_grass,floor_grass,floor_grass,floor_grass,floor_grass,floor_grass,floor_grass,floor_grass
