floor_woodtile,floor_woodtile,floor_woodtile,floor_woodtile,floor_woodtile,floor_woodtile,floor_woodtile,floor_woodtile,floor_woodtile,floor_woodtile,floor_woodtile
floor_woodtile,floor_woodtile,floor_woodtile,floor_woodtile,floor_woodtile,floor_woodtile,floor_woodtile,floor_woodtile,floor_woodtile,floor_woodtile,floor_woodtile
floor_woodtile,floor_woodtile,floor_woodtile,floor_woodtile,floor_woodtile,floor_woodtile,floor_woodtile,floor_woodtile,floor_woodtile,floor_woodtile,floor_woodtile
floor_woodtile,floor_woodtile,floor_woodtile,floor_woodtile,floor_woodtile,floor_woodtile,floor_woodtile,floor_woodtile,floor_woodtile,floor_woodtile,floor_woodtile
floor_woodtile,floor_woodtile,floor_woodtile,floor_woodtile,floor_woodtile,floor_woodtile,floor_woodtile,floor_woodtile,floor_woodtile,floor_woodtile,floor_woodtile
floor_woodtile,floor_woodtile,floor_woodtile,floor_woodtile,floor_woodtile,floor_woodtile,floor_woodtile,floor_woodtile,floor_woodtile,floor_woodtile,floor_woodtile
floor_woodtile,floor_woodtile,floor_woodtile,floor_woodtile,floor_woodtile,floor_woodtile,floor_woodtile,floor_woodtile,floor_woodtile,floor_woodtile,floor_woodtile
floor_woodtile,floor_woodtile,floor_woodtile,floor_woodtile,floor_woodtile,floor_woodtile,floor_woodtile,floor_woodtile,floor_woodtile,floor_woodtile,floor_woodtile
floor_woodtile,floor_woodtile,floor_woodtile,floor_woodtile,floor_woodtile,floor_woodtile,floor_woodtile,floor_woodtile,floor_woodtile,floor_woodtile,floor_woodtile
